X,GrammyAward,GrammyYear,Genre,Name,Artist
0,Record Of The Year,2018,General,this is America,Childish Gambino
1,Song Of The Year,2018,General,this is America,Childish Gambino
2,Best Pop Solo Performance,2018,Pop,Joanne (where Do you Think You're Goin'?),Lady Gaga
3,Best Pop Duo/Group Performance,2018,Pop,Shallow,Lady Gaga & Bradley Cooper
4,Best Dance Recording,2018,Dance/Electronic Music,Electricity,Silk City & Dua Lipa Featuring Diplo & Mark Ronson
5,Best Rock Performance,2018,Rock,when Bad Does Good,Chris Cornell
6,Best Metal Performance,2018,Rock,Electric Messiah,High on Fire
7,Best Rock Song,2018,Rock,Masseduction,St Vincent
8,Best R&B Performance,2018,R&B,Best Part,He.r. Featuring Daniel Caesar
9,Best Traditional R&B Performance,2018,R&B,How Deep is your Love,Pj Morton Featuring Yebba
10,Best R&B Song,2018,R&B,Boo'd Up,Ella Mai
11,Best Rap Performance,2018,Rap,Bubblin,Anderson Paak
12,Best Rap/Sung Performance,2018,Rap,this is America,Childish Gambino
13,Best Rap Song,2018,Rap,God's Plan,Drake
14,Best Country Solo Performance,2018,Country,Butterflies,Kacey Musgraves
15,Best Country Duo/Group Performance,2018,Country,Tequila,Dan   Shay
16,Best Country Song,2018,Country,Space Cowboy,Kacey Musgraves
17,Best Improvised Jazz Solo,2018,Jazz,Don't Fence Me in,"John Daversa, Soloistregina Carter, Soloistfred Hersch, Soloistbrad Mehldau, Soloistmiguel zenon, Soloist"
18,Best Gospel Performance/Song,2018,Gospel/Contemporary Christian Music,Never Alone,"Tori Kelly Featuring Kirk Franklin; Kirk Franklin & Victoria Kelly, Songwritersjekalyn Carr; Allen Carr & Jekalyn Carr, Songwriterskoryn Hawthornejonathan Mcreynolds Featuring Doe; Jonathan Mcreynolds & will Reagan, Songwritersbrian Courtney Wilson; Aaron w Lindsey, etc."
19,Best Contemporary Christian Music Performance/Song,2018,Gospel/Contemporary Christian Music,you Say,"Lauren Daigle; Lauren Daigle, Jason Ingram & Paul Mabury, Songwriterscory Asbury; Cory Asbury, Caleb Culver & Ran Jackson, Songwritersfor King & Country; Ben Glover, Matt Hales, Stephen Blake Kanicka, Seth Mosley, Joel Smallbone, Luke Smallbone & Tedd Tjornhom, Songwritersmercyme, etc."
20,Best American Roots Performance,2018,American Roots Music,The Joke,Brandi Carlile
21,Best American Roots Song,2018,American Roots Music,The Joke,Brandi Carlile
22,Best Song Written For Visual Media,2018,Composing/Arranging,Shallow,Lady Gaga & Bradley Cooper
23,Record Of The Year,2017,General,24k Magic,Bruno Mars
24,Song Of The Year,2017,General,That's What i Like,Bruno Mars
25,Best Pop Solo Performance,2017,Pop,Shape of you,Ed Sheeran
26,Best Pop Duo/Group Performance,2017,Pop,Feel it Still,Portugal the Man
27,Best Dance Recording,2017,Dance/Electronic Music,Tonite,Lcd Soundsystem
28,Best Rock Performance,2017,Rock,you Want it Darker,Leonard Cohen
29,Best Metal Performance,2017,Rock,Sultan’s Curse,Mastodon
30,Best Rock Song,2017,Rock,Run,"Dave Grohl, Taylor Hawkins, Rami Jaffee, Nate Mendel, Chris Shiflett & Pat Smear), Songwriters (Foo Fighters"
31,Best R&B Performance,2017,R&B,That's What i Like,Bruno Mars
32,Best Traditional R&B Performance,2017,R&B,Redbone,Childish Gambino
33,Best R&B Song,2017,R&B,That's What i Like,Bruno Mars
34,Best Rap Performance,2017,Rap,Humble.,Kendrick Lamar
35,Best Rap/Sung Performance,2017,Rap,Loyalty.,Kendrick Lamar Featuring Rihanna
36,Best Rap Song,2017,Rap,Humble.,Kendrick Lamar
37,Best Country Solo Performance,2017,Country,Either Way,Chris Stapleton
38,Best Country Duo/Group Performance,2017,Country,Better Man,Little Big Town
39,Best Country Song,2017,Country,Broken Halos,Chris Stapleton
40,Best Improvised Jazz Solo,2017,Jazz,Miles Beyond,"John Mclaughlin, Soloist"
41,Best Gospel Performance/Song,2017,Gospel/Contemporary Christian Music,Never Have to be Alone,"Cece Winans; Dwan Hill & Alvin Love Iii, Songwriters"
42,Best Contemporary Christian Music Performance/Song,2017,Gospel/Contemporary Christian Music,What a Beautiful Name,"Hillsong Worship; Ben Fielding & Brooke Ligertwood, Songwriters"
43,Best American Roots Performance,2017,American Roots Music,Killer Diller Blues,Alabama Shakes
44,Best American Roots Song,2017,American Roots Music,If We Were Vampires,Jason Isbell and the 400 Unit
45,Best Song Written For Visual Media,2017,Composing/Arranging,How Far I'll Go,Auli'i Cravalho
46,Record Of The Year,2016,General,Hello,Adele
47,Song Of The Year,2016,General,Hello,Adele
48,Best Pop Solo Performance,2016,Pop,Hello,Adele
49,Best Pop Duo/Group Performance,2016,Pop,Stressed Out,Twenty One Pilots
50,Best Dance Recording,2016,Dance/Electronic Music,Don't Let Me Down,The Chainsmokers Featuring Daya
51,Best Rock Performance,2016,Rock,Blackstar,David Bowie
52,Best Metal Performance,2016,Rock,Dystopia,Megadeth
53,Best Rock Song,2016,Rock,Blackstar,David Bowie
54,Best R&B Performance,2016,R&B,Cranes in the Sky,Solange
55,Best Traditional R&B Performance,2016,R&B,Angel,Lalah Hathaway
56,Best R&B Song,2016,R&B,Lake by the Ocean,Maxwell
57,Best Rap Performance,2016,Rap,No Problem,Chance the Rapper Featuring Lil Wayne & 2 Chainz
58,Best Rap/Sung Performance,2016,Rap,Hotline Bling,Drake
59,Best Rap Song,2016,Rap,Hotline Bling,Drake
60,Best Country Solo Performance,2016,Country,My Church,Maren Morris
61,Best Country Duo/Group Performance,2016,Country,Jolene,Pentatonix Featuring Dolly Parton
62,Best Country Song,2016,Country,Humble and Kind,Tim Mcgraw
63,Best Improvised Jazz Solo,2016,Jazz,I’m so Lonesome i Could Cry,"John Scofield, Soloist"
64,Best Gospel Performance/Song,2016,Gospel/Contemporary Christian Music,God Provides,"Tamela Mann; Kirk Franklin, Songwriter"
65,Best Contemporary Christian Music Performance/Song,2016,Gospel/Contemporary Christian Music,Thy will,"Hillary Scott & the Scott Family; Bernie Herms, Hillary Scott & Emily Weisband, Songwriters"
66,Best American Roots Performance,2016,American Roots Music,House of Mercy,Sarah Jarosz
67,Best American Roots Song,2016,American Roots Music,Kid Sister,The Time Jumpers
68,Best Song Written For Visual Media,2016,Composing/Arranging,Can't Stop the Feeling!,"Justin Timberlake, Anna Kendrick, Gwen Stefani, James Corden, Zooey Deschanel, Walt Dohrn, Ron Funches, Caroline Hjelt, Aino Jawo, Christopher Mintz-Plasse & Kunal Nayyar"
69,Record Of The Year,2015,General,Uptown Funk,Mark Ronson Featuring Bruno Mars
70,Song Of The Year,2015,General,Thinking Out Loud,"d Sheeran & Amy Wadge, Songwriters"
71,Best Pop Solo Performance,2015,Pop,Thinking Out Loud,Ed Sheeran
72,Best Pop Duo/Group Performance,2015,Pop,Uptown Funk,Mark Ronson Featuring Bruno Mars
73,Best Dance Recording,2015,Dance/Electronic Music,where are U Now,Skrillex and Diplo with Justin Bieber
74,Best Rock Performance,2015,Rock,Don't Wanna Fight,Alabama Shakes
75,Best Metal Performance,2015,Rock,Cirice,Ghost
76,Best Rock Song,2015,Rock,Don't Wanna Fight,"Labama Shakes (Zac Cockrell, Heath Fogg, Brittany Howard & Steve Johnson), Songwriters"
77,Best R&B Performance,2015,R&B,Earned it (Fifty Shades of Grey),The Weeknd
78,Best Traditional R&B Performance,2015,R&B,Little Ghetto Boy,Lalah Hathaway
79,Best R&B Song,2015,R&B,Really Love,"'Angelo, Gina Figueroa & Kendra Foster, Songwriters"
80,Best Rap Performance,2015,Rap,Alright,Kendrick Lamar
81,Best Rap Song,2015,Rap,Alright,"Endrick Duckworth, Kawan Prather, Mark Anthony Spears & Pharrell Williams, Songwriters"
82,Best Country Solo Performance,2015,Country,Traveller,Chris Stapleton
83,Best Country Duo/Group Performance,2015,Country,Girl Crush,Little Big Town
84,Best Country Song,2015,Country,Girl Crush,"Illary Lindsey, Lori Mckenna & Liz Rose, Songwriters"
85,Best Improvised Jazz Solo,2015,Jazz,Cherokee,"Christian Mcbride, Soloist"
86,Best Gospel Performance/Song,2015,Gospel/Contemporary Christian Music,Wanna be Happy?,"Kirk Franklin; Kirk Franklin, Songwriter"
87,Best Contemporary Christian Music Performance/Song,2015,Gospel/Contemporary Christian Music,Holy Spirit,"Francesca Battistelli, Artist"
88,Best American Roots Performance,2015,American Roots Music,See that My Grave is Kept Clean,Mavis Staples
89,Best American Roots Song,2015,American Roots Music,24 Frames,"Ason Isbell, Songwriter"
90,Best Song Written For Visual Media,2015,Composing/Arranging,Glory,"Onnie Lynn, Che Smith & John Stephens, Songwriters"
91,Record Of The Year,2014,General,Stay with Me (Darkchild Version),Sam Smith
92,Song Of The Year,2014,General,Stay with Me (Darkchild Version),Sam Smith
93,Best Pop Solo Performance,2014,Pop,Happy (Live),Pharrell Williams
94,Best Pop Duo/Group Performance,2014,Pop,Say Something,"a Great Big World (Ian Axel & Chad Vaccarino) & Christina Aguilera, Artists"
95,Best Dance Recording,2014,Dance/Electronic Music,Rather be,Clean Bandit Featuring Jess Glynne
96,Best Rock Performance,2014,Rock,Lazaretto,"Jack White, Artist"
97,Best Metal Performance,2014,Rock,The Last in Line,"Tenacious d (Jack Black & Kyle Gass), Artists"
98,Best Rock Song,2014,Rock,Ain't it Fun,Paramore
99,Best R&B Performance,2014,R&B,Drunk in Love,"Beyonce & Jay Z, Artists (Beyonce Featuring Jay z)"
100,Best Traditional R&B Performance,2014,R&B,Jesus Children,"Lalah Hathaway, Robert Glasper Experiment (Casey Benjamin, Mark Colenburg, Robert Glasper & Derrick Hodge) & Malcolm-Jamal Warner, Artists"
101,Best R&B Song,2014,R&B,Drunk in Love,
102,Best Rap Performance,2014,Rap,i,Kendrick Lamar
103,Best Rap Song,2014,Rap,i,Kendrick Lamar
104,Best Country Solo Performance,2014,Country,Something in the Water,"Carrie Underwood, Artist"
105,Best Country Duo/Group Performance,2014,Country,Gentle on My Mind,"The Band Perry (Kimberly Perry, Neil Perry & Reid Perry), Artists"
106,Best Country Song,2014,Country,I'm not Gonna Miss you,Glen Campbell
107,Best Improvised Jazz Solo,2014,Jazz,Fingerprints,"Chick Corea, Soloist"
108,Best Gospel Performance/Song,2014,Gospel/Contemporary Christian Music,No Greater Love,Smokie Norful
109,Best Contemporary Christian Music Performance/Song,2014,Gospel/Contemporary Christian Music,Messengers,Lecrae Featuring for King & Country
110,Best American Roots Performance,2014,American Roots Music,a Feather's not a Bird,"Rosanne Cash, Artist"
111,Best American Roots Song,2014,American Roots Music,a Feather's not a Bird,
112,Best Song Written For Visual Media,2014,Composing/Arranging,Let it Go,Idina Menzel
113,Record Of The Year,2013,General,Get Lucky,Daft punk featuring Pharrell Williams & Nile Rodgers
114,Song Of The Year,2013,General,Royals,
115,Best Pop Solo Performance,2013,Pop,Royals,Lorde
116,Best Pop Duo/Group Performance,2013,Pop,Get Lucky,Daft punk featuring Pharrell Williams & Nile Rodgers
117,Best Dance Recording,2013,Dance/Electronic Music,Clarity,Zedd Featuring Foxes
118,Best Rock Performance,2013,Rock,Radioactive,Imagine Dragons
119,Best Metal Performance,2013,Rock,God is Dead?,Black Sabbath
120,Best Rock Song,2013,Rock,Cut Me some Slack,
121,Best R&B Performance,2013,R&B,Something,Snarky Puppy with Lalah Hathaway
122,Best Traditional R&B Performance,2013,R&B,Please Come Home,Gary Clark Jr
123,Best R&B Song,2013,R&B,Pusher Love Girl,
124,Best Rap Performance,2013,Rap,Thrift Shop,Macklemore & Ryan lewis featuring Wanz
125,Best Rap Song,2013,Rap,Thrift Shop,
126,Best Country Solo Performance,2013,Country,Wagon Wheel,Darius Rucker
127,Best Country Duo/Group Performance,2013,Country,From this Valley,The Civil Wars
128,Best Country Song,2013,Country,Merry Go 'Round,
129,Best Improvised Jazz Solo,2013,Jazz,Orbits,"Wayne Shorter, Soloist"
130,Best American Roots Song,2013,American Roots Music,Love Has Come for you,
131,Best Song Written For Visual Media,2013,Composing/Arranging,Skyfall,
132,Record Of The Year,2012,General,Somebody that i Used to Know,Gotye Featuring Kimbra
133,Song Of The Year,2012,General,We are Young,Fun Featuring Janelle Monae
134,Best Pop Solo Performance,2012,Pop,Set Fire to the Rain [live],Adele
135,Best Pop Duo/Group Performance,2012,Pop,Somebody that i Used to Know,Gotye Featuring Kimbra
136,Best Dance Recording,2012,Dance/Electronic Music,Bangarang,skrillex featuring Sirah
137,Best Rock Performance,2012,Rock,Lonely Boy,The Black Keys
138,Best Rock Song,2012,Rock,Lonely Boy,The Black Keys
139,Best R&B Performance,2012,R&B,Climax,Usher
140,Best Traditional R&B Performance,2012,R&B,Love on Top,beyonce
141,Best R&B Song,2012,R&B,Adorn,Miguel
142,Best Rap Performance,2012,Rap,N****s in Paris,Jay-z & Kanye West
143,Best Rap Song,2012,Rap,N****s in Paris,"Wa. Donaldson, Songwriter) (Jay-z & Kanye West"
144,Best Country Solo Performance,2012,Country,Blown Away,Carrie Underwood
145,Best Country Duo/Group Performance,2012,Country,Pontoon,Little Big Town
146,Best Country Song,2012,Country,Blown Away,Carrie Underwood
147,Best Improvised Jazz Solo,2012,Jazz,Hot House,"Chick Corea, Soloists"
148,Best Song Written For Visual Media,2012,Composing/Arranging,Safe & Sound (from the Hunger Games),
149,Record Of The Year,2011,General,Rolling in the Deep,Adele
150,Song Of The Year,2011,General,Rolling in the Deep,Adele
151,Best Pop Solo Performance,2011,Pop,Someone Like you,Adele
152,Best Pop Duo/Group Performance,2011,Pop,Body and Soul,Tony Bennett & Amy Winehouse
153,Best Dance Recording,2011,Dance/Electronic Music,Scary Monsters and Nice Sprites,Skrillex
154,Best Rock Performance,2011,Rock,Walk,Foo Fighters
155,Best Rock Song,2011,Rock,Walk,Foo Fighters
156,Best R&B Performance,2011,R&B,Is this Love,Corinne Bailey Rae
157,Best Traditional R&B Performance,2011,R&B,Fool for you,Cee Lo Green & Melanie Fiona
158,Best R&B Song,2011,R&B,Fool for you,Cee Lo Green & Melanie Fiona
159,Best Rap Performance,2011,Rap,Otis,Jay-z & Kanye West
160,Best Rap Song,2011,Rap,all of the Lights,"Kanye West, Rihanna, Kid Cudi & Fergie"
161,Best Country Solo Performance,2011,Country,Mean,Taylor Swift
162,Best Country Duo/Group Performance,2011,Country,Barton Hollow,The Civil Wars
163,Best Country Song,2011,Country,Mean,Taylor Swift
164,Best Improvised Jazz Solo,2011,Jazz,500 Miles High,"Chick Corea, Soloist"
165,Best Song Written For Visual Media,2011,Composing/Arranging,i See the Light (from Tangled),Mandy Moore & Zachary Levi
166,Record Of The Year,2010,General,Need you Now,Lady Antebellum
167,Song Of The Year,2010,General,Need you Now,Lady Antebellum
168,Best Female Pop Vocal Performance,2010,Pop,Bad Romance,Lady Gaga
169,Best Male Pop Vocal Performance,2010,Pop,Just the Way you are,Bruno Mars
170,Best Pop Performance By A Duo Or Group With Vocals,2010,Pop,"Hey, Soul Sister (Live)",Train
171,Best Pop Collaboration With Vocals,2010,Pop,Imagine,"Herbie Hancock, Pink, Indiaarie, Seal, Konono No 1, Jeff Beck & Oumou Sangare"
172,Best Dance Recording,2010,Dance/Electronic Music,Only Girl (in the World),Rihanna
173,Best Hard Rock Performance,2010,Rock,New Fang,Them Crooked Vultures
174,Best Metal Performance,2010,Rock,El Dorado,Iron Maiden
175,Best Rock Song,2010,Rock,Angry World,Neil Young
176,Best Female R&B Vocal Performance,2010,R&B,Bittersweet,Fantasia
177,Best Male R&B Vocal Performance,2010,R&B,There Goes My Baby,Usher
178,Best R&B Performance By A Duo Or Group With Vocals,2010,R&B,Soldier of Love,Sade
179,Best Urban/Alternative Performance,2010,R&B,Fuck you,Cee Lo Green
180,Best R&B Song,2010,R&B,Shine,John Legend & the Roots
181,Best Rap Solo Performance,2010,Rap,Not Afraid,Eminem
182,Best Rap Performance By A Duo Or Group,2010,Rap,On to the Next One,Jay-z & Swizz Beatz
183,Best Rap Song,2010,Rap,Empire State of Mind,"Burt Keyes & Sylvia Robinson, Songwriters"
184,Best Female Country Vocal Performance,2010,Country,The House that Built Me,Miranda Lambert
185,Best Male Country Vocal Performance,2010,Country,'Til Summer Comes Around,Keith Urban
186,Best Country Song,2010,Country,Need you Now,Lady Antebellum
187,Best Improvised Jazz Solo,2010,Jazz,a Change is Gonna Come,"Herbie Hancock, Soloist"
188,Record Of The Year,2009,General,Use Somebody,Kings of Leon
189,Song Of The Year,2009,General,Single Ladies (Put a Ring on it),beyonce
190,Best Female Pop Vocal Performance,2009,Pop,Halo,beyonce
191,Best Male Pop Vocal Performance,2009,Pop,Make it Mine,Jason Mraz
192,Best Pop Performance By A Duo Or Group With Vocals,2009,Pop,i Gotta Feeling,The Black Eyed Peas
193,Best Pop Collaboration With Vocals,2009,Pop,Lucky,Jason Mraz & Colbie Caillat
194,Best Dance Recording,2009,Dance/Electronic Music,Poker Face,Lady Gaga
195,Best Hard Rock Performance,2009,Rock,War Machine,Ac/Dc
196,Best Metal Performance,2009,Rock,Dissident Aggressor,Judas Priest
197,Best Rock Song,2009,Rock,Use Somebody,Kings of Leon
198,Best Female R&B Vocal Performance,2009,R&B,Single Ladies (Put a Ring on it),beyonce
199,Best Male R&B Vocal Performance,2009,R&B,Pretty Wings,Maxwell
200,Best R&B Performance By A Duo Or Group With Vocals,2009,R&B,Blame it,Jamie Foxx & t-Pain
201,Best Urban/Alternative Performance,2009,R&B,Pearls,Indiaarie & Dobet Gnahore
202,Best R&B Song,2009,R&B,Single Ladies (Put a Ring on it),beyonce
203,Best Rap Solo Performance,2009,Rap,D.o.a. (Death of Auto-Tune),Jay-z
204,Best Rap Performance By A Duo Or Group,2009,Rap,Crack a Bottle,"Eminem, Dr Dre & 50 Cent"
205,Best Rap Song,2009,Rap,Run this Town,"Jay-z), Robyn Fenty, Kanye West & Ernest Wilson, Songwriters (Athanasios Alatas, Songwriter) (Jay-Z, Rihanna & Kanye West"
206,Best Female Country Vocal Performance,2009,Country,White Horse,Taylor Swift
207,Best Male Country Vocal Performance,2009,Country,Sweet Thing,Keith Urban
208,Best Country Song,2009,Country,White Horse,Taylor Swift
209,Best Improvised Jazz Solo,2009,Jazz,Dancin' 4 Chicken,"Terence Blanchard, Soloist"
210,Record Of The Year,2008,General,Please Read the Letter,Alison Krauss
211,Song Of The Year,2008,General,Viva La Vida,Coldplay
212,Best Female Pop Vocal Performance,2008,Pop,Chasing Pavements,Adele
213,Best Male Pop Vocal Performance,2008,Pop,Say,John Mayer
214,Best Pop Performance By A Duo Or Group With Vocals,2008,Pop,Viva La Vida,Coldplay
215,Best Pop Collaboration With Vocals,2008,Pop,Rich Woman,Alison Krauss
216,Best Dance Recording,2008,Dance/Electronic Music,Harder Better Faster Stronger,Daft Punk
217,Best Hard Rock Performance,2008,Rock,Wax Simulacra,The Mars Volta
218,Best Metal Performance,2008,Rock,My Apocalypse,Metallica
219,Best Rock Song,2008,Rock,Girls in their Summer Clothes,Bruce Springsteen
220,Best Female R&B Vocal Performance,2008,R&B,Superwoman,Alicia Keyss
221,Best Male R&B Vocal Performance,2008,R&B,Miss Independent,Ne-Yo
222,Best R&B Performance By A Duo Or Group With Vocals,2008,R&B,Stay with Me (by the Sea),John Legend
223,Best Urban/Alternative Performance,2008,R&B,Be Ok,Willi.am
224,Best R&B Song,2008,R&B,Miss Independent,Ne-Yo
225,Best Rap Solo Performance,2008,Rap,a Milli,Lil Wayne
226,Best Rap Performance By A Duo Or Group,2008,Rap,Swagga Like Us,Jay-z & Ti. Featuring Kanye West & Lil Wayne
227,Best Rap Song,2008,Rap,Lollipop,Lil Wayne Featuring Static Major
228,Best Female Country Vocal Performance,2008,Country,Last Name,Carrie Underwood
229,Best Male Country Vocal Performance,2008,Country,Letter to Me,Brad Paisley
230,Best Country Song,2008,Country,Stay,Sugarland
231,Record Of The Year,2007,General,Rehab,Amy Winehouse
232,Song Of The Year,2007,General,Rehab,Amy Winehouse
233,Best Female Pop Vocal Performance,2007,Pop,Rehab,Amy Winehouse
234,Best Male Pop Vocal Performance,2007,Pop,What Goes Around...comes Around,Justin Timberlake
235,Best Pop Performance By A Duo Or Group With Vocals,2007,Pop,Makes Me Wonder,Maroon 5
236,Best Pop Collaboration With Vocals,2007,Pop,Gone Gone Gone (Done Moved on),Alison Krauss
237,Best Dance Recording,2007,Dance/Electronic Music,Lovestoned/i Think She Knows,Justin Timberlake
238,Best Hard Rock Performance,2007,Rock,The Pretender,Foo Fighters
239,Best Metal Performance,2007,Rock,Final Six,Slayer
240,Best Rock Song,2007,Rock,Radio Nowhere,Bruce Springsteen
241,Best Female R&B Vocal Performance,2007,R&B,No One,Alicia Keys
242,Best Male R&B Vocal Performance,2007,R&B,Future Baby Mama,Prince
243,Best R&B Performance By A Duo Or Group With Vocals,2007,R&B,Disrespectful,Mary j Blige
244,Best Urban/Alternative Performance,2007,R&B,Daydreamin',Lupe Fiasco Featuring Jill Scott
245,Best R&B Song,2007,R&B,No One,Alicia Keys
246,Best Rap Solo Performance,2007,Rap,Stronger,Kanye West
247,Best Rap Performance By A Duo Or Group,2007,Rap,Southside,Common Featuring Kanye West
248,Best Rap Song,2007,Rap,Good Life,Kanye West Featuring t-Pain
249,Best Female Country Vocal Performance,2007,Country,Before He Cheats,Carrie Underwood
250,Best Male Country Vocal Performance,2007,Country,Stupid Boy,Keith Urban
251,Best Country Song,2007,Country,Before He Cheats,Carrie Underwood
252,Record Of The Year,2006,General,Not Ready to Make Nice,Dixie Chicks
253,Song Of The Year,2006,General,Not Ready to Make Nice,Dixie Chicks
254,Best Female Pop Vocal Performance,2006,Pop,Ain't No Other Man,Christina Aguilera
255,Best Male Pop Vocal Performance,2006,Pop,Waiting on the World to Change,John Mayer
256,Best Pop Performance By A Duo Or Group With Vocal,2006,Pop,My Humps,The Black Eyed Peas
257,Best Pop Collaboration With Vocals,2006,Pop,For Once in My Life,Tony Bennett & Stevie Wonder
258,Best Dance Recording,2006,Dance/Electronic Music,Sexy Back,Justin timberlake & Timbaland
259,Best Rock Performance By A Duo Or Group With Vocal,2006,Rock,Dani California,Red Hot Chili Peppers
260,Best Hard Rock Performance,2006,Rock,Woman,Wolfmother
261,Best Metal Performance,2006,Rock,Eyes of the Insane,Slayer
262,Best Rock Song,2006,Rock,Dani California,Red Hot Chili Peppers
263,Best Female R&B Vocal Performance,2006,R&B,Be without you,Mary j Blige
264,Best Male R&B Vocal Performance,2006,R&B,Heaven,John Legend
265,Best R&B Performance By A Duo Or Group With Vocals,2006,R&B,Family Affair,"John Legend, Joss Stone with Van Hunt"
266,Best Urban/Alternative Performance,2006,R&B,Crazy,Gnarls Barkley
267,Best R&B Song,2006,R&B,Be without you,Mary j Blige
268,Best Rap Solo Performance,2006,Rap,What you Know,Ti.
269,Best Rap Performance By A Duo Or Group,2006,Rap,Ridin,Chamillionaire Featuring Krayzie Bone
270,Best Rap Song,2006,Rap,Money Maker,Ludacris Featuring Pharrell
271,Best Female Country Vocal Performance,2006,Country,"Jesus, Take the Wheel",Carrie Underwood
272,Best Male Country Vocal Performance,2006,Country,The Reason Why,Vince Gill
273,Best Country Song,2006,Country,"Jesus, Take the Wheel",Carrie Underwood
274,Record Of The Year,2005,General,Boulevard of Broken Dreams,Green Day
275,Song Of The Year,2005,General,Sometimes you Can't Make it on your Own,"Bono, Adam Clayton, Edge, Larry Mullen Jr), Songwriters (U2"
276,Best Female Pop Vocal Performance,2005,Pop,Since u Been Gone,Kelly Clarkson
277,Best Male Pop Vocal Performance,2005,Pop,From the Bottom of My Heart,Stevie Wonder
278,Best Pop Performance By A Duo Or Group With Vocal,2005,Pop,this Love,Maroon 5
279,Best Pop Collaboration With Vocals,2005,Pop,Feel Good Inc.,Gorillaz Featuring De La Soul
280,Best Dance Recording,2005,Dance/Electronic Music,Galvanize,The Chemical Brothers Featuring q-Tip
281,Best Rock Performance By A Duo Or Group With Vocal,2005,Rock,Sometimes you Can't Make it on your Own,U2
282,Best Hard Rock Performance,2005,Rock,B.y.o.b.,System of a Down
283,Best Metal Performance,2005,Rock,Before i Forget,Slipknot
284,Best Rock Song,2005,Rock,City of Blinding Lights,"Bono, Adam Clayton, Edge, Larry Mullen Jr), Songwriter (U2"
285,Best Female R&B Vocal Performance,2005,R&B,We Belong Together,Mariah Carey
286,Best Male R&B Vocal Performance,2005,R&B,Ordinary People,John Legend
287,Best R&B Performance By A Duo Or Group With Vocals,2005,R&B,So Amazing,beyonce & Stevie Wonder
288,Best Urban/Alternative Performance,2005,R&B,Welcome to Jamrock,Damian Marley
289,Best R&B Song,2005,R&B,We Belong Together,Mariah Carey
290,Best Rap Solo Performance,2005,Rap,Gold Digger,Kanye West
291,Best Rap Performance By A Duo Or Group,2005,Rap,Don't Phunk with My Heart,The Black Eyed Peas
292,Best Rap Song,2005,Rap,Diamonds from Sierra Leone,Kanye West
293,Best Female Country Vocal Performance,2005,Country,The Connection,Emmylou Harris
294,Best Male Country Vocal Performance,2005,Country,You'll Think of Me,Keith Urban
295,Best Country Song,2005,Country,Bless the Broken Road,Rascal Flatts
296,Record Of The Year,2004,General,Here We Go Again,Norah Jones
297,Song Of The Year,2004,General,Daughters,John Mayer
298,Best Female Pop Vocal Performance,2004,Pop,Sunrise,Norah Jones
299,Best Male Pop Vocal Performance,2004,Pop,Daughters,John Mayer
300,Best Pop Performance By A Duo Or Group With Vocal,2004,Pop,Heaven,Los Lonely Boys
301,Best Pop Collaboration With Vocals,2004,Pop,Here We Go Again,Norah Jones
302,Best Dance Recording,2004,Dance/Electronic Music,Toxic,Britney Spears
303,Best Rock Performance By A Duo Or Group With Vocal,2004,Rock,Vertigo,U2
304,Best Hard Rock Performance,2004,Rock,Slither,Velvet Revolver
305,Best Metal Performance,2004,Rock,Whiplash,motorhead
306,Best Rock Song,2004,Rock,Vertigo,"Bono, Adam Clayton, the Edge, Larry Mullen, Jr), Songwriter (U2"
307,Best Female R&B Vocal Performance,2004,R&B,If i Ain't Got you,Alicia Keys
308,Best Male R&B Vocal Performance,2004,R&B,Call My Name,Prince
309,Best R&B Performance By A Duo Or Group With Vocals,2004,R&B,My Boo,Usher& Alicia Keys
310,Best Urban/Alternative Performance,2004,R&B,Cross My Mind,Jill Scott
311,Best R&B Song,2004,R&B,you Don't Know My Name,Alicia Keys
312,Best Rap Solo Performance,2004,Rap,99 Problems,Jay-z
313,Best Rap Performance By A Duo Or Group,2004,Rap,Let's Get it Started,The Black Eyed Peas
314,Best Rap Song,2004,Rap,Jesus Walks,Kanye West
315,Best Female Country Vocal Performance,2004,Country,Redneck Woman,Gretchen Wilson
316,Best Male Country Vocal Performance,2004,Country,Live Like you Were Dying,Tim Mcgraw
317,Best Country Song,2004,Country,Live Like you Were Dying,Tim Mcgraw
318,Record Of The Year,2003,General,Clocks,Coldplay
319,Song Of The Year,2003,General,Dance with My Father,Luther Vandross
320,Best Female Pop Vocal Performance,2003,Pop,Beautiful,Christina Aguilera
321,Best Male Pop Vocal Performance,2003,Pop,Cry Me a River,Justin Timberlake
322,Best Pop Performance By A Duo Or Group With Vocal,2003,Pop,Underneath it all,No Doubt
323,Best Pop Collaboration With Vocals,2003,Pop,Whenever i Say your Name,Sting & Mary j Blige
324,Best Dance Recording,2003,Dance/Electronic Music,Come into My World,Kylie Minogue
325,Best Female Rock Vocal Performance,2003,Rock,Trouble,Pink
326,Best Male Rock Vocal Performance,2003,Rock,Gravedigger,Dave Matthews
327,Best Rock Performance By A Duo Or Group With Vocal,2003,Rock,Disorder in the House,Bruce Springsteen
328,Best Hard Rock Performance,2003,Rock,Bring Me to Life,Evanescence Featuring Paul Mccoy
329,Best Metal Performance,2003,Rock,St. Anger,Metallica
330,Best Rock Song,2003,Rock,Seven Nation Army,The White Stripes
331,Best Female R&B Vocal Performance,2003,R&B,Dangerously in Love 2,beyonce
332,Best Male R&B Vocal Performance,2003,R&B,Dance with My Father,Luther Vandross
333,Best R&B Performance By A Duo Or Group With Vocals,2003,R&B,The Closer i Get to you,beyonce & Luther Vandross
334,Best Urban/Alternative Performance,2003,R&B,Hey Ya!,Outkast
335,Best R&B Song,2003,R&B,Crazy in Love,
336,Best Female Rap Solo Performance,2003,Rap,Work it,Missy Elliott
337,Best Male Rap Solo Performance,2003,Rap,Lose Yourself,Eminem
338,Best Rap Performance By A Duo Or Group,2003,Rap,Shake Ya Tailfeather,"Nelly, p Diddy & Murphy Lee"
339,Best Rap Song,2003,Rap,Lose Yourself,Eminem
340,Best Female Country Vocal Performance,2003,Country,Keep on the Sunny Side,June Carter Cash
341,Best Male Country Vocal Performance,2003,Country,Next Big Thing,Vince Gill
342,Best Country Song,2003,Country,It's Five O'clock Somewhere,Alan Jackson & Jimmy Buffett
343,Record Of The Year,2002,General,Don't Know Why,Norah Jones
344,Song Of The Year,2002,General,Don't Know Why,Norah Jones
345,Best Female Pop Vocal Performance,2002,Pop,Don't Know Why,Norah Jones
346,Best Male Pop Vocal Performance,2002,Pop,your Body is a Wonderland,John Mayer
347,Best Pop Performance By A Duo Or Group With Vocal,2002,Pop,Hey Baby,No Doubt
348,Best Pop Collaboration With Vocals,2002,Pop,The Game of Love,Carlos santana & Michelle Branch
349,Best Dance Recording,2002,Dance/Electronic Music,Days Go by,Dirty Vegas
350,Best Female Rock Vocal Performance,2002,Rock,Steve Mcqueen,Sheryl Crow
351,Best Male Rock Vocal Performance,2002,Rock,The Rising,Bruce Springsteen
352,Best Rock Performance By A Duo Or Group With Vocal,2002,Rock,In My Place,Coldplay
353,Best Hard Rock Performance,2002,Rock,all My Life,Foo Fighters
354,Best Metal Performance,2002,Rock,Here to Stay,Korn
355,Best Rock Song,2002,Rock,The Rising,Bruce Springsteen
356,Best Female R&B Vocal Performance,2002,R&B,He Think i Don't Know,Mary j Blige
357,Best Male R&B Vocal Performance,2002,R&B,u Don't Have to Call,Usher
358,Best Urban/Alternative Performance,2002,R&B,Little Things,Indiaarie
359,Best R&B Song,2002,R&B,Love of My Life (an Ode to Hip Hop),Erykah Badu Featuring Common
360,Best Female Rap Solo Performance,2002,Rap,Scream A.k.a. Itchin',Missy Elliott
361,Best Male Rap Solo Performance,2002,Rap,Hot in Herre,Nelly
362,Best Rap Performance By A Duo Or Group,2002,Rap,The Whole World,Outkast Featuring Killer Mike
363,Best Female Country Vocal Performance,2002,Country,Cry,Faith Hill
364,Best Male Country Vocal Performance,2002,Country,Give My Love to Rose,Johnny Cash
365,Best Country Song,2002,Country,where Were you (when the World Stopped Turning),Alan Jackson
366,Record Of The Year,2001,General,Walk on,U2
367,Song Of The Year,2001,General,Fallin',Alicia Keys
368,Best Female Pop Vocal Performance,2001,Pop,I'm Like a Bird,Nelly Furtado
369,Best Male Pop Vocal Performance,2001,Pop,Don't Let Me be Lonely Tonight,James Taylor
370,Best Pop Performance By A Duo Or Group With Vocal,2001,Pop,Stuck in a Moment you Can't Get Out of,U2
371,Best Pop Collaboration With Vocals,2001,Pop,Lady Marmalade,"Christina Aguilera, Lil' Kim, Mya & Pink"
372,Best Dance Recording,2001,Pop,all for you,Janet Jackson
373,Best Female Rock Vocal Performance,2001,Rock,Get Right with God,Lucinda Williams
374,Best Male Rock Vocal Performance,2001,Rock,Dig in,Lenny Kravitz
375,Best Rock Performance By A Duo Or Group With Vocal,2001,Rock,Elevation,U2
376,Best Hard Rock Performance,2001,Rock,Crawling,Linkin Park
377,Best Metal Performance,2001,Rock,Schism,Tool
378,Best Rock Song,2001,Rock,Drops of Jupiter,Train
379,Best Female R&B Vocal Performance,2001,R&B,Fallin',Alicia Keys
380,Best Male R&B Vocal Performance,2001,R&B,u Remind Me,Usher
381,Best R&B Song,2001,R&B,Fallin',Alicia Keys
382,Best Rap Solo Performance,2001,Rap,Get Ur Freak on,"Missy ""Misdemeanor"" Elliott"
383,Best Rap Performance By A Duo Or Group,2001,Rap,Ms. Jackson,Outkast
384,Best Female Country Vocal Performance,2001,Country,Shine,Dolly Parton
385,Best Male Country Vocal Performance,2001,Country,o Death,Ralph Stanley
386,Best Country Song,2001,Country,The Lucky One,Alison Krauss & Union Station
387,Record Of The Year,2000,General,Beautiful Day,U2
388,Song Of The Year,2000,General,Beautiful Day,"Bono, Adam Clayton, Edge, Larry Mullen Jr), Songwriter (U2"
389,Best Female Pop Vocal Performance,2000,Pop,i Try,Macy Gray
390,Best Male Pop Vocal Performance,2000,Pop,She Walks this Earth (Soberana Rosa),Sting
391,Best Pop Performance By A Duo Or Group With Vocal,2000,Pop,Cousin Dupree,Steely Dan
392,Best Pop Collaboration With Vocals,2000,Pop,"Is you Is, or is you Ain't (My Baby)",Bb. King & Dr. John
393,Best Dance Recording,2000,Pop,Who Let the Dogs Out,Baha Men
394,Best Female Rock Vocal Performance,2000,Rock,There Goes the Neighborhood,Sheryl Crow
395,Best Male Rock Vocal Performance,2000,Rock,Again,Lenny Kravitz
396,Best Rock Performance By A Duo Or Group With Vocal,2000,Rock,Beautiful Day,U2
397,Best Hard Rock Performance,2000,Rock,Guerrilla Radio,Rage Against the Machine
398,Best Metal Performance,2000,Rock,Elite,Deftones
399,Best Rock Song,2000,Rock,With Arms Wide Open,Creed
400,Best Female R&B Vocal Performance,2000,R&B,He Wasn't Man Enough,Toni Braxton
401,Best Male R&B Vocal Performance,2000,R&B,Untitled (How Does it Feel),D'angelo
402,Best R&B Song,2000,R&B,Say My Name,Destiny's Child
403,Best Rap Solo Performance,2000,Rap,The Real Slim Shady,Eminem
404,Best Rap Performance By A Duo Or Group,2000,Rap,Forgot About Dre,Dr Dre Featuring Eminem
405,Best Female Country Vocal Performance,2000,Country,Breathe,Faith Hill
406,Best Male Country Vocal Performance,2000,Country,Solitary Man,Johnny Cash
407,Best Country Song,2000,Country,i Hope you Dance,Lee Ann Womack
408,Record Of The Year,1999,General,Smooth,santana featuring Rob Thomas
409,Song Of The Year,1999,General,Smooth,Santana Featuring Rob Thomas
410,Best Female Pop Vocal Performance,1999,Pop,i will Remember you,Sarah Mclachlan
411,Best Male Pop Vocal Performance,1999,Pop,Brand New Day,Sting
412,Best Pop Performance By A Duo Or Group With Vocal,1999,Pop,Maria Maria,Santana
413,Best Pop Collaboration With Vocals,1999,Pop,Smooth,santana featuring Rob Thomas
414,Best Dance Recording,1999,Pop,Believe,Cher
415,Best Female Rock Vocal Performance,1999,Rock,Sweet Child O' Mine,Sheryl Crow
416,Best Male Rock Vocal Performance,1999,Rock,American Woman,Lenny Kravitz
417,Best Rock Performance By A Duo Or Group With Vocal,1999,Rock,Put your Lights on,santana featuring Everlast
418,Best Hard Rock Performance,1999,Rock,Whiskey in the jar,Metallica
419,Best Metal Performance,1999,Rock,Iron Man,Black Sabbath
420,Best Rock Song,1999,Rock,Scar Tissue,Red Hot Chili Peppers
421,Best Female R&B Vocal Performance,1999,R&B,It's not Right but It's Okay,Whitney Houston
422,Best Male R&B Vocal Performance,1999,R&B,Staying Power,Barry White
423,Best Rap Solo Performance,1999,Rap,My Name is,Eminem
424,Best Rap Performance By A Duo Or Group,1999,Rap,you Got Me,The roots featuring Erykah Badu
425,Best Female Country Vocal Performance,1999,Country,Man! i Feel Like a Woman!,Shania Twain
426,Best Male Country Vocal Performance,1999,Country,Choices,George Jones
427,Best Country Song,1999,Country,Come on over,Shania Twain
